id,age,salary,score,department,join_date,bonus,remarks
1,22.0,,1.0,Finance,2022-09-15,2000.0,Poor
2,45.0,75000.0,2.0,HR,,2000.0,Average
3,22.0,inf,inf,Marketing,,2000.0,Good
4,,-inf,2.0,Finance,2021-02-01,inf,
5,22.0,,,IT,,inf,Good
6,,inf,3.0,HR,2021-02-01,,
7,30.0,-inf,1.0,HR,2023-12-20,,Average
8,60.0,25000.0,1.0,IT,2021-02-01,2000.0,Average
9,inf,75000.0,,,2021-02-01,,
10,60.0,25000.0,,Marketing,2023-12-20,inf,Poor
11,22.0,50000.0,4.0,Marketing,2023-12-20,,Good
12,-inf,75000.0,,Marketing,2023-12-20,inf,Poor
13,45.0,inf,3.0,Marketing,2022-09-15,,Poor
14,22.0,50000.0,1.0,Marketing,2021-02-01,,Good
15,22.0,25000.0,inf,Marketing,2023-12-20,,Poor
16,,-inf,2.0,IT,2023-12-20,1000.0,Poor
17,inf,25000.0,1.0,Finance,2023-12-20,,Poor
18,45.0,50000.0,4.0,IT,2022-09-15,1000.0,Average
19,-inf,50000.0,2.0,,2023-12-20,2000.0,Good
20,45.0,-inf,5.0,Marketing,2021-02-01,inf,Good
21,60.0,75000.0,,IT,2021-02-01,,Average
22,30.0,-inf,1.0,IT,2021-02-01,inf,
23,,,inf,IT,2021-02-01,2000.0,Good
24,60.0,-inf,5.0,,2023-12-20,inf,
25,,50000.0,5.0,HR,2023-12-20,1000.0,Good
26,,75000.0,,HR,,,
27,60.0,25000.0,,Finance,2021-02-01,2000.0,Good
28,22.0,25000.0,,Marketing,,inf,Average
29,45.0,25000.0,5.0,HR,2022-09-15,2000.0,
30,30.0,75000.0,inf,IT,2022-09-15,2000.0,
31,45.0,-inf,inf,,2022-09-15,,Poor
32,-inf,inf,2.0,Finance,,,Poor
33,inf,75000.0,1.0,Marketing,,inf,Average
34,-inf,,,,2021-02-01,2000.0,Good
35,60.0,-inf,2.0,IT,2023-12-20,2000.0,Poor
36,60.0,50000.0,,IT,2023-12-20,inf,Poor
37,22.0,inf,,Marketing,2023-12-20,,Poor
38,-inf,inf,2.0,HR,2021-02-01,inf,
39,22.0,50000.0,inf,Marketing,2023-12-20,,Average
40,22.0,inf,5.0,HR,2023-12-20,2000.0,Average
41,,,3.0,,,,Poor
42,inf,inf,2.0,Marketing,2023-12-20,1000.0,Good
43,22.0,50000.0,5.0,Finance,2021-02-01,,
44,45.0,25000.0,2.0,Finance,2022-09-15,inf,
45,45.0,50000.0,inf,Finance,2023-12-20,,
46,-inf,25000.0,1.0,Finance,,1000.0,Poor
47,30.0,25000.0,,,,1000.0,Average
48,30.0,25000.0,2.0,,2023-12-20,inf,
49,45.0,,2.0,Finance,2023-12-20,,Average
50,inf,inf,4.0,Marketing,2021-02-01,1000.0,Average
51,60.0,,,,2023-12-20,inf,Average
52,,50000.0,4.0,,2022-09-15,,Good
53,60.0,75000.0,,HR,,2000.0,Poor
54,inf,50000.0,5.0,,,,Poor
55,45.0,,2.0,HR,2022-09-15,inf,
56,22.0,,5.0,HR,2021-02-01,2000.0,
57,60.0,50000.0,3.0,HR,2023-12-20,,Poor
58,45.0,,3.0,IT,2021-02-01,1000.0,Poor
59,30.0,inf,4.0,Finance,2021-02-01,,Average
60,45.0,75000.0,inf,HR,2021-02-01,inf,Poor
61,inf,25000.0,4.0,IT,,inf,Good
62,22.0,75000.0,3.0,IT,2023-12-20,,
63,22.0,25000.0,4.0,Marketing,,2000.0,Good
64,45.0,inf,,HR,2023-12-20,,Good
65,22.0,,4.0,HR,,,
66,60.0,-inf,inf,IT,2023-12-20,1000.0,Good
67,inf,25000.0,,Finance,2023-12-20,inf,Good
68,60.0,75000.0,,Marketing,2023-12-20,2000.0,
69,45.0,-inf,3.0,HR,2022-09-15,,Poor
70,,75000.0,3.0,,2023-12-20,2000.0,Good
71,,25000.0,inf,,,,Good
72,22.0,25000.0,4.0,Finance,2021-02-01,2000.0,Good
73,30.0,75000.0,1.0,HR,2023-12-20,,
74,22.0,,2.0,HR,2021-02-01,2000.0,Good
75,,,,HR,,,
76,45.0,,5.0,,,2000.0,Average
77,,75000.0,inf,,,1000.0,Poor
78,inf,,,IT,2022-09-15,1000.0,Poor
79,45.0,,,Finance,2021-02-01,2000.0,
80,45.0,inf,1.0,Marketing,2021-02-01,inf,Average
81,30.0,25000.0,4.0,Finance,2021-02-01,1000.0,Average
82,,inf,3.0,HR,,2000.0,Good
83,-inf,25000.0,3.0,,2021-02-01,1000.0,Good
84,inf,,inf,HR,,1000.0,Average
85,,25000.0,2.0,HR,2022-09-15,1000.0,Average
86,30.0,-inf,5.0,Marketing,,2000.0,
87,45.0,25000.0,inf,Marketing,2023-12-20,1000.0,Poor
88,30.0,-inf,5.0,Marketing,,2000.0,
89,45.0,-inf,4.0,IT,,,Poor
90,30.0,-inf,2.0,,2023-12-20,1000.0,Poor
91,60.0,75000.0,2.0,HR,2021-02-01,,Poor
92,,75000.0,5.0,,2023-12-20,2000.0,Poor
93,45.0,75000.0,inf,Marketing,,inf,Average
94,30.0,inf,4.0,Finance,2023-12-20,2000.0,Average
95,45.0,75000.0,5.0,HR,2021-02-01,,
96,inf,75000.0,3.0,Marketing,2023-12-20,inf,Good
97,inf,inf,3.0,,,,
98,inf,50000.0,1.0,HR,2023-12-20,inf,Poor
99,inf,50000.0,1.0,Finance,2023-12-20,,Poor
100,22.0,,3.0,,2022-09-15,inf,Good
101,60.0,25000.0,3.0,Marketing,2021-02-01,,Poor
102,60.0,75000.0,4.0,Finance,2022-09-15,2000.0,Good
103,22.0,inf,inf,Marketing,2021-02-01,2000.0,Good
104,inf,25000.0,5.0,Marketing,2022-09-15,2000.0,
105,inf,inf,5.0,Marketing,2021-02-01,1000.0,
106,-inf,25000.0,4.0,,,1000.0,Poor
107,45.0,-inf,4.0,HR,2022-09-15,,Average
108,-inf,75000.0,5.0,,,2000.0,Good
109,45.0,,inf,HR,2021-02-01,2000.0,Good
110,60.0,,,HR,2021-02-01,1000.0,Poor
111,60.0,inf,1.0,IT,2023-12-20,2000.0,
112,22.0,inf,2.0,Marketing,2023-12-20,2000.0,Good
113,-inf,75000.0,2.0,Marketing,2023-12-20,,Poor
114,-inf,inf,inf,,2022-09-15,1000.0,Good
115,45.0,-inf,,,,inf,Average
116,45.0,25000.0,4.0,HR,2023-12-20,1000.0,
117,inf,-inf,2.0,Finance,2021-02-01,1000.0,
118,30.0,,2.0,HR,2022-09-15,inf,Average
119,45.0,-inf,2.0,Marketing,2021-02-01,inf,
120,inf,,inf,HR,2022-09-15,inf,Poor
121,,,inf,HR,2022-09-15,1000.0,
122,45.0,-inf,2.0,Marketing,2023-12-20,,
123,60.0,-inf,4.0,Marketing,2022-09-15,,
124,inf,75000.0,4.0,Marketing,2023-12-20,2000.0,Poor
125,45.0,75000.0,4.0,Marketing,,1000.0,
126,22.0,25000.0,2.0,Marketing,2023-12-20,2000.0,
127,inf,75000.0,5.0,,2021-02-01,2000.0,Poor
128,inf,inf,2.0,IT,2022-09-15,,Average
129,,,1.0,,2022-09-15,inf,Poor
130,,-inf,,Finance,,inf,Good
131,,,4.0,HR,2021-02-01,,Poor
132,-inf,,inf,Finance,2021-02-01,inf,
133,30.0,25000.0,2.0,IT,2022-09-15,2000.0,Average
134,45.0,-inf,5.0,HR,2021-02-01,inf,Good
135,60.0,75000.0,3.0,IT,2021-02-01,inf,Good
136,,25000.0,4.0,Marketing,2023-12-20,,Good
137,,50000.0,,,2021-02-01,1000.0,
138,45.0,25000.0,1.0,Marketing,,inf,Average
139,,,3.0,IT,2022-09-15,inf,Poor
140,-inf,50000.0,4.0,Marketing,2022-09-15,1000.0,Average
141,22.0,inf,1.0,Finance,2023-12-20,1000.0,Poor
142,30.0,25000.0,2.0,,,inf,Average
143,,,2.0,IT,2023-12-20,2000.0,Average
144,,,3.0,Marketing,2022-09-15,1000.0,
145,60.0,75000.0,inf,HR,2021-02-01,2000.0,Good
146,45.0,,5.0,Finance,,1000.0,
147,22.0,50000.0,3.0,IT,,inf,
148,inf,25000.0,inf,Finance,2022-09-15,2000.0,Good
149,,inf,3.0,IT,,,
150,22.0,inf,5.0,Finance,,,Good
151,30.0,75000.0,1.0,Marketing,2022-09-15,inf,Good
152,30.0,,inf,HR,,1000.0,
153,30.0,,5.0,Finance,2023-12-20,,Poor
154,-inf,25000.0,,HR,2023-12-20,2000.0,Good
155,30.0,50000.0,5.0,IT,2023-12-20,1000.0,Poor
156,60.0,,2.0,Marketing,,1000.0,Average
157,22.0,-inf,1.0,,2022-09-15,2000.0,Poor
158,60.0,25000.0,5.0,,2021-02-01,,Good
159,30.0,25000.0,3.0,HR,2022-09-15,,Good
160,-inf,,1.0,Finance,,2000.0,Average
161,,-inf,5.0,IT,2021-02-01,2000.0,Average
162,30.0,25000.0,inf,Finance,2021-02-01,2000.0,
163,inf,inf,4.0,HR,2022-09-15,2000.0,
164,45.0,-inf,3.0,Finance,2021-02-01,2000.0,Poor
165,inf,-inf,inf,Finance,,inf,Good
166,-inf,25000.0,5.0,IT,2021-02-01,1000.0,Poor
167,30.0,inf,2.0,Finance,2021-02-01,inf,Poor
168,30.0,50000.0,,,2022-09-15,2000.0,Good
169,45.0,inf,inf,HR,,,Average
170,-inf,,inf,,,2000.0,
171,inf,50000.0,2.0,Marketing,2022-09-15,2000.0,Average
172,30.0,,1.0,Finance,2021-02-01,,Good
173,30.0,inf,5.0,HR,2021-02-01,,Good
174,30.0,inf,3.0,Finance,2023-12-20,inf,Good
175,-inf,-inf,5.0,IT,2023-12-20,,
176,22.0,25000.0,1.0,Marketing,,,Poor
177,45.0,-inf,5.0,,2021-02-01,1000.0,Good
178,-inf,inf,inf,HR,2023-12-20,2000.0,
179,-inf,50000.0,1.0,Marketing,,1000.0,
180,-inf,75000.0,2.0,HR,2021-02-01,,
181,45.0,75000.0,5.0,,2022-09-15,,Poor
182,45.0,inf,1.0,IT,,2000.0,
183,30.0,75000.0,5.0,Marketing,2021-02-01,inf,Average
184,60.0,,4.0,Marketing,2023-12-20,2000.0,Poor
185,-inf,,5.0,HR,,1000.0,Good
186,60.0,,1.0,,,,Good
187,60.0,-inf,4.0,Marketing,2021-02-01,,Poor
188,22.0,75000.0,inf,HR,2021-02-01,inf,
189,22.0,25000.0,4.0,,,inf,Average
190,30.0,75000.0,4.0,HR,,inf,Good
191,45.0,25000.0,,,,inf,Poor
192,22.0,,2.0,HR,2023-12-20,1000.0,Average
193,inf,-inf,4.0,Marketing,,2000.0,Good
194,inf,inf,5.0,Marketing,2022-09-15,inf,
195,-inf,inf,1.0,Finance,,,
196,22.0,25000.0,1.0,,2023-12-20,2000.0,Average
197,inf,-inf,inf,,,2000.0,Good
198,,25000.0,2.0,,2023-12-20,,
199,30.0,-inf,inf,HR,2022-09-15,2000.0,Average
200,60.0,inf,,HR,2021-02-01,1000.0,Poor
201,,inf,2.0,HR,2022-09-15,1000.0,
202,-inf,-inf,5.0,IT,2021-02-01,1000.0,
203,30.0,inf,4.0,Finance,2021-02-01,1000.0,
204,,,1.0,IT,2023-12-20,1000.0,Poor
205,-inf,25000.0,5.0,HR,2023-12-20,,
206,45.0,,2.0,Finance,2021-02-01,,Poor
207,60.0,,1.0,IT,2023-12-20,,Average
208,30.0,,5.0,Finance,2023-12-20,,Good
209,inf,25000.0,1.0,Finance,2022-09-15,inf,Average
210,inf,75000.0,,HR,,1000.0,Poor
211,,50000.0,inf,Marketing,,2000.0,Average
212,22.0,-inf,2.0,IT,2022-09-15,inf,Good
213,,,1.0,Finance,2023-12-20,inf,Good
214,inf,,inf,Finance,2021-02-01,1000.0,Average
215,45.0,75000.0,3.0,IT,2023-12-20,2000.0,Poor
216,45.0,25000.0,1.0,IT,2021-02-01,1000.0,Poor
217,inf,75000.0,4.0,Finance,2021-02-01,2000.0,
218,22.0,25000.0,1.0,,2023-12-20,2000.0,Poor
219,,-inf,2.0,HR,2021-02-01,1000.0,Good
220,-inf,,1.0,Finance,2021-02-01,1000.0,Average
221,45.0,50000.0,1.0,Finance,,inf,Poor
222,22.0,25000.0,inf,Finance,2022-09-15,1000.0,Average
223,30.0,-inf,2.0,Finance,,inf,Poor
224,-inf,,2.0,,2023-12-20,,Average
225,inf,25000.0,,HR,2023-12-20,,Poor
226,inf,-inf,1.0,Marketing,2022-09-15,inf,Good
227,inf,,5.0,,2021-02-01,1000.0,
228,30.0,50000.0,inf,Finance,2021-02-01,,Average
229,,75000.0,2.0,IT,2023-12-20,2000.0,Poor
230,,25000.0,1.0,Finance,2023-12-20,inf,
231,,,1.0,HR,2022-09-15,inf,Average
232,60.0,,4.0,Marketing,2022-09-15,1000.0,
233,,inf,,HR,2021-02-01,inf,Good
234,22.0,-inf,2.0,Marketing,2023-12-20,,Average
235,22.0,-inf,inf,Marketing,2023-12-20,,Poor
236,-inf,,4.0,,2022-09-15,,Good
237,,50000.0,inf,Marketing,2022-09-15,inf,Poor
238,30.0,,inf,IT,2021-02-01,1000.0,
239,,inf,,HR,2021-02-01,1000.0,
240,30.0,-inf,inf,IT,2021-02-01,,
241,22.0,-inf,inf,Marketing,2022-09-15,1000.0,
242,-inf,,4.0,HR,2023-12-20,,Average
243,22.0,50000.0,inf,Marketing,2023-12-20,2000.0,Average
244,60.0,inf,,HR,2021-02-01,1000.0,Poor
245,,75000.0,3.0,Finance,2021-02-01,,Average
246,,,4.0,Marketing,,inf,Average
247,inf,75000.0,1.0,HR,,1000.0,Good
248,30.0,50000.0,inf,Marketing,2022-09-15,inf,
249,30.0,-inf,2.0,IT,2022-09-15,,Poor
250,45.0,25000.0,,IT,2021-02-01,1000.0,Good
251,-inf,-inf,2.0,Marketing,2021-02-01,inf,Poor
252,,50000.0,2.0,IT,2023-12-20,inf,Good
253,-inf,75000.0,5.0,Marketing,2023-12-20,,Average
254,inf,inf,1.0,Marketing,2021-02-01,1000.0,
255,30.0,inf,3.0,HR,,2000.0,Poor
256,30.0,50000.0,2.0,Marketing,,inf,Good
257,inf,50000.0,3.0,,2023-12-20,inf,Poor
258,22.0,inf,,IT,2021-02-01,2000.0,
259,-inf,inf,3.0,,2022-09-15,2000.0,Average
260,inf,50000.0,4.0,HR,2023-12-20,,
261,60.0,75000.0,inf,,2022-09-15,1000.0,
262,-inf,25000.0,5.0,,2021-02-01,,Good
263,inf,50000.0,,IT,2022-09-15,inf,Good
264,60.0,50000.0,2.0,,2023-12-20,1000.0,Good
265,45.0,25000.0,inf,HR,,,Good
266,30.0,,3.0,,,1000.0,Average
267,22.0,25000.0,3.0,IT,,,
268,22.0,inf,,Marketing,,2000.0,Good
269,60.0,-inf,5.0,HR,2023-12-20,2000.0,Good
270,30.0,50000.0,1.0,HR,2023-12-20,1000.0,Good
271,inf,75000.0,4.0,IT,2022-09-15,2000.0,Good
272,inf,-inf,5.0,IT,2023-12-20,1000.0,Good
273,60.0,,3.0,,2022-09-15,inf,Average
274,,-inf,3.0,IT,2022-09-15,2000.0,Average
275,,50000.0,,,2022-09-15,inf,
276,-inf,-inf,5.0,HR,2022-09-15,,Good
277,60.0,-inf,3.0,,2021-02-01,,Poor
278,-inf,,inf,,2023-12-20,2000.0,
279,45.0,25000.0,4.0,,2023-12-20,2000.0,
280,inf,25000.0,2.0,HR,,,Good
281,inf,,2.0,HR,2022-09-15,1000.0,Good
282,30.0,25000.0,inf,Finance,2021-02-01,,Average
283,45.0,,,IT,,2000.0,Average
284,inf,75000.0,5.0,,,2000.0,Average
285,-inf,50000.0,inf,,2023-12-20,,Good
286,22.0,25000.0,2.0,,,2000.0,Poor
287,-inf,75000.0,3.0,IT,2021-02-01,,
288,45.0,75000.0,4.0,Marketing,2022-09-15,1000.0,Average
289,22.0,25000.0,3.0,Finance,,,Good
290,,,1.0,HR,2022-09-15,2000.0,Poor
291,,,2.0,Marketing,,inf,
292,60.0,25000.0,inf,HR,,1000.0,
293,30.0,25000.0,2.0,Finance,,,Average
294,30.0,25000.0,,,,2000.0,Average
295,-inf,,,Finance,2022-09-15,1000.0,Good
296,22.0,25000.0,3.0,Marketing,2023-12-20,1000.0,Average
297,,-inf,2.0,HR,2022-09-15,1000.0,Good
298,-inf,-inf,inf,Finance,2022-09-15,2000.0,
299,,75000.0,2.0,,2023-12-20,2000.0,Poor
300,inf,-inf,4.0,Marketing,,,Good
301,45.0,inf,,,2022-09-15,,Good
302,60.0,75000.0,,Finance,2023-12-20,1000.0,
303,22.0,,3.0,IT,,1000.0,
304,45.0,,,,,inf,Poor
305,inf,inf,2.0,Finance,2022-09-15,1000.0,Poor
306,22.0,-inf,5.0,Finance,2021-02-01,2000.0,Poor
307,60.0,,inf,Finance,2021-02-01,2000.0,
308,30.0,50000.0,4.0,Marketing,,,Good
309,22.0,inf,inf,Marketing,2023-12-20,,Average
310,30.0,75000.0,5.0,Finance,2022-09-15,,Poor
311,22.0,75000.0,3.0,Marketing,2022-09-15,,Good
312,60.0,inf,5.0,HR,2022-09-15,1000.0,
313,,50000.0,,IT,2021-02-01,1000.0,
314,,25000.0,2.0,Finance,2023-12-20,1000.0,Good
315,inf,inf,4.0,,2021-02-01,,Good
316,30.0,inf,inf,IT,2022-09-15,inf,Good
317,60.0,-inf,1.0,HR,2022-09-15,inf,Poor
318,inf,-inf,2.0,Finance,,2000.0,Poor
319,30.0,inf,4.0,HR,2022-09-15,,Average
320,-inf,50000.0,inf,Finance,2021-02-01,2000.0,Poor
321,-inf,75000.0,3.0,Marketing,2022-09-15,1000.0,Poor
322,60.0,75000.0,1.0,Marketing,2023-12-20,,
323,22.0,-inf,2.0,IT,2023-12-20,,Poor
324,-inf,-inf,5.0,,2021-02-01,1000.0,Average
325,inf,25000.0,,,,inf,Poor
326,,inf,1.0,HR,2022-09-15,2000.0,
327,45.0,inf,4.0,Finance,2023-12-20,,Good
328,22.0,50000.0,1.0,Finance,,,
329,-inf,25000.0,,IT,2021-02-01,2000.0,Poor
330,60.0,-inf,3.0,HR,2023-12-20,2000.0,Poor
331,,-inf,,Marketing,,,Poor
332,-inf,50000.0,5.0,,2022-09-15,1000.0,Good
333,45.0,,,HR,2023-12-20,inf,Average
334,30.0,inf,1.0,Finance,2023-12-20,inf,
335,45.0,50000.0,,,2021-02-01,,Poor
336,-inf,25000.0,1.0,,2022-09-15,,Good
337,,-inf,,HR,2022-09-15,2000.0,Good
338,60.0,inf,3.0,HR,2023-12-20,,Poor
339,60.0,75000.0,2.0,Finance,2023-12-20,1000.0,Poor
340,45.0,50000.0,inf,IT,2023-12-20,1000.0,Average
341,inf,50000.0,1.0,IT,2021-02-01,,Poor
342,22.0,-inf,inf,HR,,,Poor
343,60.0,25000.0,4.0,,2021-02-01,,Good
344,inf,inf,2.0,HR,2021-02-01,inf,Good
345,-inf,50000.0,2.0,HR,2022-09-15,inf,
346,30.0,-inf,2.0,,2022-09-15,inf,Poor
347,inf,,3.0,IT,2023-12-20,2000.0,Good
348,-inf,75000.0,4.0,Finance,,inf,Poor
349,inf,-inf,3.0,Finance,2021-02-01,,Poor
350,45.0,,inf,Marketing,2023-12-20,1000.0,Good
351,,50000.0,inf,Marketing,2022-09-15,,
352,45.0,50000.0,5.0,Marketing,2023-12-20,,
353,inf,75000.0,3.0,IT,2023-12-20,inf,
354,45.0,inf,,HR,,,Good
355,30.0,,5.0,IT,2023-12-20,inf,Poor
356,30.0,inf,inf,,2022-09-15,1000.0,Average
357,30.0,inf,1.0,HR,2022-09-15,,Poor
358,60.0,75000.0,,IT,2023-12-20,,
359,22.0,-inf,2.0,IT,,1000.0,Good
360,,50000.0,5.0,HR,2021-02-01,2000.0,
361,-inf,75000.0,inf,Marketing,,,
362,45.0,-inf,5.0,Finance,,inf,
363,45.0,-inf,3.0,Finance,,2000.0,Poor
364,45.0,50000.0,4.0,Finance,2022-09-15,2000.0,Poor
365,-inf,-inf,4.0,IT,2022-09-15,1000.0,Poor
366,22.0,25000.0,5.0,HR,,1000.0,Average
367,,25000.0,inf,Marketing,2023-12-20,2000.0,Poor
368,22.0,,2.0,Marketing,2021-02-01,1000.0,Good
369,30.0,50000.0,inf,HR,2022-09-15,inf,Poor
370,60.0,25000.0,inf,Finance,2023-12-20,1000.0,Poor
371,60.0,inf,2.0,,,1000.0,Average
372,inf,50000.0,5.0,Finance,2021-02-01,inf,Poor
373,45.0,75000.0,5.0,Marketing,2021-02-01,2000.0,Good
374,45.0,50000.0,,Marketing,2022-09-15,2000.0,Poor
375,60.0,inf,,Marketing,2022-09-15,2000.0,Good
376,60.0,75000.0,1.0,Finance,,1000.0,
377,45.0,50000.0,inf,Finance,2022-09-15,2000.0,Good
378,inf,,inf,IT,2023-12-20,2000.0,
379,60.0,75000.0,,IT,2023-12-20,2000.0,
380,-inf,,3.0,,2021-02-01,inf,
381,22.0,75000.0,,Marketing,2023-12-20,,Poor
382,,,inf,HR,,,Good
383,inf,50000.0,4.0,Marketing,2022-09-15,2000.0,Average
384,45.0,75000.0,2.0,HR,,,Poor
385,60.0,50000.0,3.0,HR,2021-02-01,1000.0,Good
386,22.0,25000.0,4.0,,2022-09-15,2000.0,
387,60.0,,4.0,HR,,,
388,,-inf,3.0,HR,2022-09-15,2000.0,Average
389,30.0,-inf,1.0,HR,,inf,
390,,25000.0,4.0,HR,,2000.0,
391,60.0,50000.0,inf,IT,2021-02-01,1000.0,
392,-inf,25000.0,5.0,,2023-12-20,2000.0,Good
393,,inf,inf,,2023-12-20,1000.0,Average
394,60.0,-inf,4.0,HR,,,Poor
395,45.0,-inf,,IT,2022-09-15,1000.0,Poor
396,45.0,,4.0,Finance,2023-12-20,,Good
397,45.0,-inf,inf,,2023-12-20,inf,Poor
398,45.0,,2.0,Finance,2021-02-01,inf,Average
399,-inf,75000.0,inf,,2021-02-01,,
400,30.0,75000.0,4.0,Marketing,2022-09-15,2000.0,Good
401,60.0,50000.0,5.0,Finance,2022-09-15,2000.0,Average
402,60.0,inf,3.0,HR,2023-12-20,2000.0,Poor
403,,inf,4.0,Finance,,1000.0,Average
404,22.0,inf,2.0,Marketing,2023-12-20,2000.0,Good
405,22.0,inf,5.0,Marketing,2023-12-20,,Average
406,45.0,inf,inf,,2021-02-01,inf,Good
407,,50000.0,4.0,HR,,,Average
408,30.0,inf,3.0,,,1000.0,Good
409,45.0,,1.0,Finance,2022-09-15,2000.0,
410,60.0,50000.0,inf,Finance,2022-09-15,2000.0,Average
411,45.0,75000.0,inf,,2022-09-15,2000.0,Average
412,60.0,75000.0,4.0,Finance,,1000.0,Poor
413,inf,inf,,IT,,1000.0,
414,60.0,50000.0,,Marketing,2022-09-15,1000.0,
415,22.0,-inf,4.0,Marketing,2023-12-20,,Poor
416,45.0,25000.0,,HR,2021-02-01,2000.0,
417,-inf,50000.0,,IT,2022-09-15,2000.0,Poor
418,-inf,75000.0,4.0,Marketing,,inf,Average
419,30.0,-inf,1.0,,2021-02-01,1000.0,Poor
420,60.0,75000.0,1.0,,2022-09-15,,Average
421,30.0,75000.0,,IT,2023-12-20,inf,
422,,-inf,2.0,Marketing,2022-09-15,2000.0,Good
423,22.0,75000.0,3.0,IT,,,
424,,,1.0,Finance,2021-02-01,,
425,-inf,,,,2021-02-01,inf,Poor
426,60.0,50000.0,inf,Finance,2022-09-15,1000.0,Average
427,60.0,,3.0,Finance,,1000.0,
428,-inf,50000.0,5.0,Marketing,2021-02-01,2000.0,Average
429,-inf,75000.0,1.0,IT,2023-12-20,1000.0,Average
430,60.0,50000.0,2.0,IT,,inf,Average
431,inf,inf,2.0,Marketing,2022-09-15,1000.0,Good
432,45.0,75000.0,4.0,IT,2023-12-20,,
433,-inf,50000.0,2.0,IT,2022-09-15,1000.0,
434,inf,-inf,5.0,IT,,2000.0,Average
435,-inf,25000.0,2.0,,2023-12-20,2000.0,Average
436,22.0,50000.0,5.0,,,inf,
437,,25000.0,4.0,IT,2021-02-01,,Average
438,45.0,25000.0,4.0,,2022-09-15,,Average
439,22.0,-inf,,HR,2022-09-15,2000.0,Average
440,60.0,,1.0,IT,2023-12-20,,Average
441,22.0,75000.0,1.0,IT,2022-09-15,1000.0,Good
442,inf,inf,3.0,Finance,,inf,Poor
443,,,1.0,Finance,2023-12-20,1000.0,Good
444,inf,,inf,IT,2023-12-20,2000.0,Good
445,60.0,inf,5.0,IT,2021-02-01,inf,Average
446,inf,,2.0,,2021-02-01,inf,Poor
447,,75000.0,2.0,IT,2023-12-20,inf,Poor
448,30.0,75000.0,4.0,HR,,2000.0,Good
449,inf,50000.0,5.0,HR,2021-02-01,2000.0,Average
450,,75000.0,2.0,Finance,2022-09-15,inf,Good
451,30.0,25000.0,2.0,IT,2022-09-15,,Average
452,45.0,25000.0,3.0,IT,2023-12-20,1000.0,Poor
453,22.0,25000.0,3.0,,2021-02-01,,Poor
454,-inf,50000.0,,Finance,2022-09-15,inf,Average
455,22.0,75000.0,5.0,IT,2023-12-20,1000.0,
456,inf,,3.0,Finance,2021-02-01,1000.0,Poor
457,-inf,75000.0,4.0,Marketing,2022-09-15,,Good
458,60.0,inf,,IT,2022-09-15,1000.0,Good
459,inf,-inf,3.0,Marketing,2023-12-20,,Poor
460,,,,,2022-09-15,1000.0,Good
461,inf,inf,4.0,,2021-02-01,,Poor
462,inf,75000.0,3.0,,2021-02-01,inf,
463,30.0,-inf,5.0,,2022-09-15,,
464,30.0,-inf,inf,Marketing,2023-12-20,1000.0,Good
465,45.0,,4.0,Finance,2022-09-15,,Average
466,45.0,25000.0,,IT,2022-09-15,,Good
467,,75000.0,inf,,,2000.0,
468,30.0,-inf,inf,Marketing,2021-02-01,1000.0,
469,60.0,25000.0,3.0,HR,2022-09-15,1000.0,Poor
470,inf,,inf,IT,2023-12-20,1000.0,Poor
471,30.0,inf,inf,Marketing,2021-02-01,1000.0,Good
472,30.0,-inf,,HR,,2000.0,Good
473,inf,-inf,,IT,,inf,Good
474,60.0,75000.0,inf,,2023-12-20,2000.0,
475,,50000.0,,,,,Poor
476,-inf,-inf,,HR,2023-12-20,1000.0,Good
477,45.0,-inf,,IT,2022-09-15,inf,Poor
478,30.0,50000.0,4.0,Marketing,2023-12-20,2000.0,Good
479,30.0,75000.0,4.0,HR,2021-02-01,2000.0,Good
480,30.0,25000.0,,Finance,,1000.0,Good
481,-inf,50000.0,4.0,IT,2022-09-15,1000.0,
482,inf,50000.0,inf,,2022-09-15,2000.0,Good
483,,25000.0,inf,,2021-02-01,2000.0,Good
484,,50000.0,3.0,Marketing,2021-02-01,,Poor
485,22.0,,5.0,,,1000.0,Poor
486,22.0,,1.0,,2023-12-20,,Good
487,-inf,25000.0,inf,HR,2021-02-01,,Poor
488,30.0,,2.0,Marketing,2023-12-20,,Good
489,,inf,,Finance,2021-02-01,1000.0,Average
490,45.0,,1.0,Marketing,2022-09-15,inf,Good
491,22.0,50000.0,4.0,Finance,,2000.0,
492,30.0,,,,2021-02-01,1000.0,Average
493,,75000.0,4.0,Marketing,2023-12-20,inf,Good
494,45.0,,2.0,Marketing,,1000.0,Poor
495,60.0,75000.0,4.0,Finance,2021-02-01,inf,
496,60.0,25000.0,5.0,HR,2022-09-15,2000.0,Poor
497,45.0,50000.0,,IT,2022-09-15,2000.0,Average
498,30.0,25000.0,4.0,IT,2022-09-15,1000.0,Poor
499,,50000.0,5.0,IT,2021-02-01,,
500,45.0,inf,,IT,2022-09-15,,Average
501,60.0,,1.0,,2021-02-01,1000.0,Average
502,22.0,25000.0,,Marketing,2023-12-20,2000.0,
503,30.0,25000.0,inf,Marketing,2021-02-01,inf,Average
504,30.0,inf,inf,Finance,2023-12-20,1000.0,Good
505,22.0,-inf,1.0,Marketing,2022-09-15,inf,Average
506,60.0,50000.0,,IT,2023-12-20,,Good
507,45.0,25000.0,,HR,2023-12-20,2000.0,Good
508,22.0,50000.0,4.0,,,1000.0,
509,30.0,50000.0,,Marketing,,1000.0,Poor
510,45.0,-inf,1.0,IT,2021-02-01,,Poor
511,inf,75000.0,3.0,Finance,,2000.0,Average
512,45.0,25000.0,3.0,IT,2022-09-15,1000.0,
513,,50000.0,5.0,Finance,2022-09-15,,Good
514,,,2.0,HR,,,Poor
515,-inf,75000.0,inf,,2022-09-15,inf,Good
516,60.0,50000.0,,Marketing,2023-12-20,,Good
517,30.0,,3.0,,2022-09-15,1000.0,Good
518,60.0,,4.0,Marketing,,1000.0,Average
519,45.0,-inf,5.0,,2023-12-20,2000.0,Good
520,22.0,inf,4.0,IT,2023-12-20,1000.0,
521,45.0,inf,3.0,Finance,2023-12-20,2000.0,Poor
522,22.0,,4.0,Marketing,2022-09-15,,Good
523,30.0,75000.0,1.0,Marketing,,,Good
524,60.0,50000.0,4.0,Marketing,2021-02-01,,Poor
525,inf,inf,1.0,Finance,2023-12-20,2000.0,
526,45.0,inf,,Marketing,2021-02-01,,
527,-inf,75000.0,4.0,Marketing,2021-02-01,2000.0,Good
528,inf,inf,5.0,,2023-12-20,1000.0,Average
529,45.0,,3.0,Marketing,2021-02-01,,Poor
530,30.0,inf,5.0,Finance,2023-12-20,inf,Poor
531,30.0,inf,inf,Marketing,2023-12-20,,Average
532,,inf,inf,Finance,2023-12-20,,Average
533,30.0,75000.0,inf,HR,2023-12-20,2000.0,Poor
534,60.0,75000.0,1.0,Finance,2021-02-01,1000.0,
535,45.0,inf,4.0,Finance,,2000.0,Poor
536,inf,75000.0,1.0,Marketing,,1000.0,Good
537,inf,,,HR,2023-12-20,1000.0,
538,inf,25000.0,,Finance,2023-12-20,inf,
539,-inf,-inf,2.0,HR,2023-12-20,inf,Poor
540,22.0,-inf,1.0,IT,,inf,Average
541,,-inf,4.0,IT,,inf,Poor
542,45.0,,3.0,,,,Good
543,60.0,inf,3.0,IT,,,Good
544,inf,inf,3.0,,2021-02-01,,
545,inf,25000.0,1.0,HR,2021-02-01,1000.0,Good
546,60.0,,3.0,IT,2023-12-20,2000.0,Good
547,45.0,inf,1.0,Marketing,2023-12-20,1000.0,
548,60.0,,5.0,Marketing,2022-09-15,2000.0,Average
549,45.0,75000.0,4.0,,2021-02-01,2000.0,Poor
550,60.0,-inf,,Finance,,inf,Average
551,inf,inf,,IT,,inf,Average
552,60.0,25000.0,3.0,,2022-09-15,1000.0,Average
553,inf,75000.0,inf,Finance,,,Average
554,45.0,25000.0,4.0,Finance,2023-12-20,2000.0,Poor
555,60.0,50000.0,1.0,IT,2022-09-15,1000.0,
556,,inf,inf,Marketing,2021-02-01,inf,Average
557,inf,25000.0,2.0,HR,2022-09-15,,
558,45.0,25000.0,2.0,IT,2023-12-20,,Poor
559,30.0,-inf,inf,Finance,2022-09-15,inf,Good
560,-inf,inf,4.0,HR,2023-12-20,1000.0,Average
561,,50000.0,5.0,IT,2023-12-20,,Average
562,30.0,inf,,HR,,inf,Poor
563,60.0,50000.0,,,2021-02-01,,Poor
564,22.0,-inf,5.0,Marketing,2022-09-15,inf,
565,45.0,inf,3.0,Finance,,2000.0,
566,,inf,2.0,Finance,2023-12-20,,
567,22.0,-inf,inf,IT,2022-09-15,inf,Average
568,,inf,2.0,,2022-09-15,inf,Average
569,45.0,inf,3.0,Marketing,2022-09-15,2000.0,Average
570,,75000.0,2.0,Finance,2021-02-01,,
571,60.0,-inf,5.0,Finance,2022-09-15,1000.0,
572,60.0,-inf,inf,Marketing,,2000.0,
573,,25000.0,,Finance,2023-12-20,,Poor
574,60.0,,3.0,IT,2021-02-01,2000.0,
575,30.0,75000.0,5.0,,2023-12-20,1000.0,
576,,,4.0,Finance,,1000.0,Poor
577,-inf,,inf,HR,2021-02-01,1000.0,Good
578,inf,75000.0,inf,Marketing,,,Poor
579,inf,25000.0,3.0,HR,2022-09-15,inf,Poor
580,45.0,,1.0,Marketing,2022-09-15,inf,Good
581,-inf,,5.0,Marketing,2021-02-01,2000.0,Average
582,22.0,25000.0,4.0,IT,2022-09-15,2000.0,Good
583,-inf,inf,4.0,,2022-09-15,,Good
584,22.0,25000.0,2.0,HR,2021-02-01,2000.0,
585,45.0,inf,1.0,Finance,2023-12-20,,
586,45.0,25000.0,5.0,,2022-09-15,inf,Good
587,30.0,inf,2.0,IT,2021-02-01,1000.0,
588,60.0,inf,inf,,2021-02-01,2000.0,Good
589,,inf,1.0,HR,,2000.0,Poor
590,22.0,inf,4.0,IT,2023-12-20,2000.0,Average
591,-inf,,4.0,,,,Poor
592,30.0,-inf,inf,Finance,2022-09-15,1000.0,Poor
593,-inf,-inf,,IT,2023-12-20,1000.0,Good
594,22.0,inf,4.0,,2023-12-20,,Good
595,30.0,25000.0,,,2022-09-15,2000.0,Poor
596,inf,25000.0,1.0,Marketing,2021-02-01,,Good
597,,25000.0,3.0,Finance,2023-12-20,inf,Poor
598,60.0,25000.0,1.0,Marketing,,1000.0,Good
599,22.0,50000.0,4.0,,2021-02-01,,Poor
600,45.0,50000.0,inf,Marketing,2021-02-01,1000.0,Poor
601,45.0,,4.0,Marketing,,2000.0,Good
602,inf,,4.0,Marketing,,2000.0,Poor
603,30.0,,5.0,IT,2023-12-20,1000.0,Average
604,45.0,25000.0,inf,Marketing,,2000.0,Average
605,inf,75000.0,5.0,Marketing,2021-02-01,2000.0,Average
606,45.0,-inf,4.0,,2021-02-01,inf,Good
607,-inf,25000.0,2.0,Finance,2023-12-20,,Good
608,45.0,75000.0,2.0,IT,,1000.0,Average
609,-inf,75000.0,5.0,Finance,,2000.0,Poor
610,inf,,5.0,,2021-02-01,2000.0,Good
611,-inf,75000.0,3.0,Marketing,,,
612,30.0,25000.0,2.0,Finance,2023-12-20,,Poor
613,45.0,75000.0,,IT,2021-02-01,2000.0,Poor
614,22.0,75000.0,3.0,HR,,,Good
615,,75000.0,,HR,2021-02-01,,Poor
616,60.0,75000.0,4.0,Marketing,2023-12-20,inf,Good
617,60.0,,4.0,,2022-09-15,inf,Average
618,30.0,50000.0,5.0,,2022-09-15,inf,Average
619,30.0,,1.0,Finance,2022-09-15,2000.0,Poor
620,-inf,50000.0,4.0,HR,2021-02-01,inf,Poor
621,30.0,inf,1.0,HR,2022-09-15,,Poor
622,60.0,75000.0,inf,IT,2022-09-15,2000.0,Poor
623,30.0,50000.0,4.0,HR,2021-02-01,1000.0,Poor
624,60.0,,4.0,Finance,2021-02-01,inf,Good
625,-inf,50000.0,2.0,Marketing,2021-02-01,,Average
626,60.0,inf,inf,HR,2021-02-01,,
627,,25000.0,4.0,HR,2022-09-15,inf,Poor
628,inf,,4.0,HR,2022-09-15,inf,
629,60.0,,5.0,HR,2023-12-20,2000.0,
630,22.0,25000.0,4.0,,,1000.0,Poor
631,45.0,inf,inf,,2021-02-01,inf,Good
632,inf,75000.0,1.0,HR,2022-09-15,2000.0,
633,-inf,-inf,3.0,IT,2023-12-20,,
634,45.0,25000.0,1.0,HR,2022-09-15,2000.0,
635,60.0,-inf,,HR,2022-09-15,1000.0,Good
636,22.0,inf,4.0,Finance,,,Good
637,-inf,50000.0,2.0,Finance,2021-02-01,inf,
638,30.0,75000.0,2.0,HR,2022-09-15,2000.0,
639,inf,inf,4.0,HR,2022-09-15,inf,Poor
640,30.0,,1.0,Finance,2023-12-20,1000.0,
641,-inf,-inf,1.0,Marketing,2023-12-20,2000.0,Average
642,45.0,,inf,HR,,2000.0,
643,inf,75000.0,1.0,Marketing,2023-12-20,1000.0,Good
644,60.0,50000.0,1.0,HR,2022-09-15,,Poor
645,,inf,3.0,Finance,2022-09-15,inf,Average
646,inf,inf,inf,IT,,1000.0,
647,,75000.0,2.0,,2021-02-01,2000.0,Good
648,inf,50000.0,3.0,,2022-09-15,,Average
649,22.0,,inf,,2022-09-15,2000.0,
650,60.0,25000.0,2.0,IT,,2000.0,
651,inf,inf,1.0,HR,,,Poor
652,-inf,25000.0,3.0,,,,Poor
653,22.0,25000.0,5.0,,2021-02-01,2000.0,
654,inf,25000.0,4.0,HR,2021-02-01,inf,Poor
655,45.0,-inf,1.0,Finance,2023-12-20,inf,
656,inf,-inf,,Finance,2021-02-01,inf,Good
657,,inf,4.0,IT,2023-12-20,inf,Good
658,,50000.0,inf,Marketing,2022-09-15,1000.0,Average
659,22.0,,5.0,Finance,,2000.0,Poor
660,45.0,25000.0,5.0,Marketing,2023-12-20,,Poor
661,inf,,5.0,Marketing,,1000.0,Good
662,60.0,-inf,inf,HR,2021-02-01,1000.0,Poor
663,,25000.0,inf,,,,
664,60.0,75000.0,2.0,Marketing,2021-02-01,,Poor
665,,inf,,Finance,2023-12-20,,Good
666,inf,75000.0,1.0,,2021-02-01,1000.0,Good
667,,inf,1.0,Finance,,1000.0,
668,45.0,50000.0,5.0,IT,2021-02-01,inf,
669,60.0,-inf,1.0,HR,2021-02-01,,
670,60.0,75000.0,3.0,HR,2021-02-01,inf,Poor
671,30.0,,4.0,,,1000.0,
672,22.0,25000.0,5.0,,2022-09-15,1000.0,Good
673,,,2.0,IT,2021-02-01,1000.0,Good
674,30.0,-inf,,HR,2022-09-15,,
675,60.0,,,,2021-02-01,1000.0,Poor
676,22.0,inf,2.0,,2023-12-20,1000.0,Average
677,45.0,inf,4.0,HR,2023-12-20,2000.0,
678,-inf,,inf,,2022-09-15,inf,Poor
679,60.0,-inf,5.0,HR,2023-12-20,1000.0,Poor
680,-inf,25000.0,1.0,HR,2023-12-20,,Good
681,45.0,inf,2.0,IT,2021-02-01,,Poor
682,,-inf,5.0,Finance,,inf,Average
683,45.0,25000.0,inf,HR,,,Average
684,-inf,-inf,,IT,2022-09-15,2000.0,Poor
685,,,1.0,Finance,2023-12-20,inf,Poor
686,22.0,75000.0,3.0,,2021-02-01,inf,Average
687,22.0,75000.0,3.0,IT,2023-12-20,1000.0,Good
688,30.0,inf,1.0,IT,,1000.0,Good
689,22.0,,,Marketing,2022-09-15,2000.0,Average
690,inf,inf,1.0,,2022-09-15,inf,Good
691,60.0,-inf,inf,Finance,2022-09-15,2000.0,Average
692,22.0,75000.0,4.0,HR,2023-12-20,,Poor
693,45.0,inf,3.0,Marketing,,2000.0,Poor
694,,75000.0,inf,IT,2023-12-20,inf,Average
695,-inf,inf,,Marketing,,2000.0,Average
696,22.0,50000.0,1.0,HR,,2000.0,Good
697,inf,75000.0,,HR,2021-02-01,1000.0,
698,22.0,50000.0,2.0,HR,2022-09-15,inf,
699,,-inf,2.0,Finance,2022-09-15,,Average
700,-inf,-inf,3.0,,2023-12-20,1000.0,
701,-inf,25000.0,4.0,Finance,2021-02-01,2000.0,Poor
702,inf,,4.0,Marketing,2021-02-01,1000.0,Poor
703,-inf,-inf,1.0,,,1000.0,
704,60.0,inf,,,2022-09-15,2000.0,Poor
705,45.0,50000.0,1.0,,2022-09-15,,Average
706,-inf,50000.0,inf,HR,2023-12-20,inf,Poor
707,45.0,,1.0,HR,2021-02-01,1000.0,
708,22.0,50000.0,4.0,,2023-12-20,inf,
709,inf,25000.0,1.0,,2022-09-15,1000.0,Average
710,22.0,inf,4.0,,2023-12-20,,Good
711,22.0,,4.0,IT,2023-12-20,2000.0,Good
712,-inf,inf,inf,,2023-12-20,inf,
713,30.0,-inf,1.0,Finance,2021-02-01,inf,Average
714,-inf,,,Finance,,inf,Average
715,22.0,-inf,1.0,,2022-09-15,1000.0,
716,-inf,-inf,,HR,2023-12-20,1000.0,Good
717,45.0,-inf,3.0,IT,,1000.0,Average
718,45.0,25000.0,3.0,Marketing,2022-09-15,inf,Average
719,22.0,25000.0,1.0,,,,Average
720,,-inf,,IT,2021-02-01,1000.0,Average
721,-inf,,1.0,,2022-09-15,,Poor
722,60.0,inf,1.0,HR,,inf,Good
723,45.0,25000.0,inf,,,,
724,60.0,inf,3.0,HR,2021-02-01,,
725,22.0,75000.0,3.0,,,inf,Poor
726,22.0,,3.0,IT,2022-09-15,2000.0,Average
727,inf,-inf,3.0,Finance,2021-02-01,2000.0,
728,22.0,inf,5.0,,,inf,Poor
729,inf,-inf,4.0,IT,2022-09-15,,Average
730,,25000.0,4.0,,2021-02-01,2000.0,Poor
731,22.0,inf,inf,Finance,2022-09-15,,Poor
732,30.0,inf,4.0,HR,2021-02-01,,Poor
733,-inf,50000.0,1.0,,,1000.0,
734,45.0,,1.0,Finance,,,
735,-inf,inf,4.0,IT,,2000.0,Good
736,22.0,-inf,3.0,IT,,inf,
737,22.0,50000.0,,Marketing,,2000.0,
738,-inf,50000.0,5.0,Finance,2021-02-01,1000.0,Poor
739,60.0,inf,2.0,HR,2021-02-01,1000.0,
740,60.0,,,Marketing,2023-12-20,1000.0,Poor
741,45.0,inf,2.0,IT,,2000.0,Good
742,22.0,50000.0,3.0,IT,,inf,Poor
743,30.0,-inf,3.0,IT,,1000.0,Good
744,45.0,50000.0,5.0,HR,,inf,
745,-inf,-inf,3.0,Marketing,2021-02-01,1000.0,Good
746,22.0,25000.0,inf,Finance,2022-09-15,,Average
747,inf,25000.0,1.0,IT,,2000.0,
748,45.0,,2.0,Finance,2021-02-01,,Good
749,inf,75000.0,4.0,Marketing,2021-02-01,2000.0,Average
750,45.0,50000.0,3.0,Marketing,2022-09-15,inf,
751,,inf,1.0,Finance,2023-12-20,,
752,inf,50000.0,4.0,HR,,1000.0,Average
753,30.0,inf,5.0,,2021-02-01,,Average
754,30.0,-inf,,IT,,2000.0,Good
755,inf,50000.0,5.0,Finance,,2000.0,
756,30.0,-inf,inf,HR,2023-12-20,inf,
757,-inf,inf,5.0,,2021-02-01,2000.0,Average
758,-inf,-inf,,Marketing,,inf,Poor
759,30.0,50000.0,4.0,,2023-12-20,2000.0,Good
760,,50000.0,2.0,IT,2021-02-01,2000.0,Average
761,45.0,50000.0,1.0,,2021-02-01,,Good
762,22.0,,3.0,Finance,2022-09-15,1000.0,
763,,75000.0,,Marketing,2021-02-01,,Poor
764,inf,75000.0,5.0,HR,2022-09-15,1000.0,Average
765,30.0,,5.0,Finance,2023-12-20,,Average
766,,75000.0,4.0,IT,2021-02-01,inf,Poor
767,22.0,,5.0,IT,2021-02-01,,
768,30.0,25000.0,,Finance,2023-12-20,1000.0,Average
769,22.0,75000.0,4.0,HR,2023-12-20,inf,Poor
770,30.0,inf,4.0,Marketing,2023-12-20,inf,Average
771,22.0,inf,3.0,Marketing,,inf,Average
772,22.0,-inf,4.0,IT,,2000.0,
773,45.0,50000.0,3.0,Marketing,2021-02-01,,
774,,50000.0,inf,Marketing,2021-02-01,2000.0,Average
775,22.0,75000.0,5.0,IT,2021-02-01,inf,
776,45.0,25000.0,4.0,,2021-02-01,inf,
777,60.0,50000.0,5.0,IT,2021-02-01,,Good
778,22.0,25000.0,2.0,HR,2022-09-15,inf,Good
779,30.0,75000.0,2.0,Finance,2021-02-01,,Average
780,22.0,50000.0,4.0,Marketing,2023-12-20,2000.0,
781,-inf,25000.0,2.0,Finance,,1000.0,
782,22.0,-inf,2.0,HR,,,Average
783,,,2.0,,2021-02-01,1000.0,Average
784,30.0,75000.0,inf,IT,,2000.0,
785,22.0,-inf,2.0,IT,2022-09-15,1000.0,Poor
786,60.0,50000.0,3.0,Marketing,2023-12-20,inf,Poor
787,22.0,50000.0,2.0,Finance,2021-02-01,2000.0,Poor
788,30.0,inf,1.0,Finance,2022-09-15,1000.0,Good
789,30.0,,2.0,IT,,inf,Good
790,inf,50000.0,,,2022-09-15,inf,Good
791,22.0,inf,3.0,IT,2021-02-01,,
792,30.0,inf,3.0,IT,2021-02-01,inf,Average
793,inf,50000.0,1.0,Marketing,2022-09-15,2000.0,Good
794,22.0,50000.0,4.0,HR,,2000.0,Poor
795,60.0,50000.0,2.0,Finance,,inf,Average
796,30.0,,3.0,Finance,2022-09-15,1000.0,Good
797,60.0,75000.0,2.0,IT,2021-02-01,,Average
798,,inf,5.0,Marketing,2021-02-01,1000.0,Average
799,-inf,50000.0,5.0,Marketing,2021-02-01,inf,Good
800,22.0,75000.0,,IT,2021-02-01,,Average
801,-inf,-inf,1.0,HR,2022-09-15,inf,Average
802,60.0,inf,4.0,HR,2021-02-01,inf,
803,30.0,-inf,4.0,IT,,2000.0,
804,45.0,-inf,5.0,Finance,2023-12-20,inf,Average
805,inf,inf,5.0,Finance,,,Average
806,inf,50000.0,,Finance,2023-12-20,,Good
807,22.0,-inf,,IT,,inf,Good
808,-inf,-inf,2.0,,2022-09-15,1000.0,
809,inf,75000.0,3.0,HR,2023-12-20,,Average
810,45.0,50000.0,1.0,,2021-02-01,inf,Poor
811,30.0,-inf,2.0,Marketing,2021-02-01,,
812,inf,75000.0,3.0,Finance,2021-02-01,,
813,22.0,25000.0,3.0,HR,2022-09-15,inf,Good
814,45.0,25000.0,5.0,Finance,,1000.0,Poor
815,60.0,inf,inf,Marketing,,2000.0,Poor
816,45.0,75000.0,4.0,,2022-09-15,inf,
817,45.0,,2.0,Marketing,2023-12-20,1000.0,Good
818,60.0,inf,5.0,,2021-02-01,inf,Good
819,30.0,inf,1.0,Marketing,2023-12-20,1000.0,Good
820,45.0,inf,4.0,Finance,2023-12-20,1000.0,Poor
821,60.0,inf,inf,Finance,2021-02-01,2000.0,Poor
822,30.0,50000.0,5.0,HR,2022-09-15,1000.0,Poor
823,30.0,inf,5.0,Marketing,2023-12-20,inf,Average
824,60.0,50000.0,3.0,Marketing,,1000.0,Poor
825,inf,,inf,Finance,2022-09-15,,Poor
826,22.0,,,Marketing,,1000.0,Poor
827,22.0,25000.0,4.0,Marketing,2021-02-01,1000.0,Poor
828,60.0,inf,1.0,Marketing,,inf,Average
829,30.0,inf,2.0,HR,2023-12-20,2000.0,Good
830,-inf,75000.0,,HR,2021-02-01,2000.0,Good
831,-inf,,inf,IT,2021-02-01,1000.0,Average
832,60.0,,1.0,Finance,2022-09-15,1000.0,
833,60.0,75000.0,3.0,HR,2022-09-15,1000.0,Poor
834,22.0,inf,2.0,,,,Average
835,-inf,75000.0,,Marketing,,inf,Good
836,-inf,-inf,2.0,IT,2023-12-20,2000.0,Good
837,30.0,75000.0,1.0,IT,2023-12-20,1000.0,Good
838,30.0,50000.0,,Finance,2021-02-01,inf,
839,,inf,3.0,Marketing,2021-02-01,1000.0,
840,60.0,inf,5.0,IT,,1000.0,Poor
841,inf,50000.0,inf,HR,2022-09-15,inf,Good
842,inf,25000.0,,Finance,2023-12-20,1000.0,Poor
843,60.0,75000.0,2.0,IT,2022-09-15,2000.0,Good
844,45.0,25000.0,inf,IT,2022-09-15,inf,Poor
845,-inf,50000.0,2.0,Marketing,2021-02-01,2000.0,Poor
846,60.0,50000.0,3.0,HR,2021-02-01,2000.0,Average
847,,75000.0,inf,IT,,1000.0,Average
848,22.0,75000.0,3.0,,2023-12-20,1000.0,Poor
849,60.0,,1.0,,2021-02-01,,Good
850,inf,25000.0,1.0,IT,2021-02-01,2000.0,Good
851,45.0,50000.0,inf,Finance,2022-09-15,1000.0,Poor
852,45.0,-inf,inf,HR,2021-02-01,2000.0,Good
853,22.0,inf,1.0,HR,2022-09-15,inf,Average
854,45.0,,5.0,Finance,2021-02-01,1000.0,
855,-inf,50000.0,4.0,,2022-09-15,inf,Poor
856,45.0,,2.0,Finance,2021-02-01,1000.0,
857,22.0,75000.0,4.0,Finance,,2000.0,Good
858,,-inf,3.0,,2022-09-15,,Average
859,22.0,50000.0,inf,Finance,,2000.0,Poor
860,60.0,,4.0,HR,2022-09-15,2000.0,Poor
861,60.0,inf,,IT,2021-02-01,,
862,45.0,-inf,,IT,,inf,Good
863,inf,inf,3.0,IT,2022-09-15,inf,
864,60.0,75000.0,5.0,IT,,1000.0,Good
865,-inf,inf,2.0,IT,,inf,Good
866,30.0,,4.0,Marketing,2023-12-20,inf,Good
867,30.0,,2.0,Marketing,2023-12-20,inf,
868,60.0,-inf,inf,Marketing,2023-12-20,2000.0,Poor
869,-inf,75000.0,,HR,2023-12-20,1000.0,Poor
870,30.0,75000.0,4.0,HR,2022-09-15,1000.0,Good
871,inf,inf,5.0,IT,2022-09-15,2000.0,Good
872,inf,75000.0,2.0,,2022-09-15,inf,Good
873,22.0,,3.0,HR,2022-09-15,1000.0,Average
874,45.0,inf,3.0,IT,2021-02-01,inf,Average
875,inf,25000.0,2.0,IT,,,Good
876,30.0,inf,3.0,IT,2021-02-01,,Average
877,-inf,-inf,1.0,HR,2022-09-15,inf,Poor
878,30.0,-inf,4.0,Marketing,,inf,Average
879,-inf,inf,inf,Marketing,2021-02-01,inf,
880,-inf,75000.0,1.0,,2022-09-15,2000.0,Average
881,45.0,,2.0,HR,2022-09-15,1000.0,
882,inf,inf,1.0,HR,2022-09-15,inf,Good
883,45.0,,5.0,IT,2022-09-15,inf,Good
884,,25000.0,1.0,Finance,2023-12-20,inf,Good
885,45.0,50000.0,inf,,2021-02-01,inf,
886,,inf,3.0,Marketing,2021-02-01,inf,
887,45.0,inf,4.0,IT,2023-12-20,2000.0,
888,inf,-inf,inf,,,2000.0,
889,inf,,inf,Finance,2022-09-15,,Poor
890,22.0,25000.0,4.0,Finance,,inf,Good
891,inf,75000.0,,Finance,2022-09-15,inf,
892,45.0,75000.0,,Finance,2022-09-15,1000.0,
893,22.0,50000.0,3.0,Finance,2023-12-20,2000.0,Average
894,inf,75000.0,1.0,Finance,2021-02-01,2000.0,
895,,50000.0,5.0,Finance,2023-12-20,1000.0,Average
896,-inf,50000.0,3.0,HR,2021-02-01,,Poor
897,60.0,,,HR,2023-12-20,1000.0,Poor
898,inf,25000.0,2.0,,2023-12-20,2000.0,
899,60.0,50000.0,inf,,,2000.0,Poor
900,22.0,25000.0,inf,IT,2023-12-20,inf,Average
901,30.0,inf,,Finance,2022-09-15,inf,Poor
902,inf,75000.0,2.0,,,2000.0,Poor
903,30.0,50000.0,5.0,HR,2021-02-01,inf,Good
904,22.0,75000.0,1.0,Finance,2021-02-01,1000.0,Poor
905,inf,inf,1.0,,2021-02-01,inf,Poor
906,inf,-inf,5.0,,,inf,Average
907,30.0,50000.0,inf,IT,2023-12-20,,Poor
908,60.0,75000.0,inf,Marketing,2021-02-01,2000.0,
909,inf,50000.0,,,2022-09-15,1000.0,Average
910,60.0,75000.0,5.0,HR,2022-09-15,,Good
911,inf,-inf,5.0,HR,2022-09-15,inf,Good
912,60.0,-inf,1.0,,2022-09-15,1000.0,Average
913,,50000.0,inf,,,,Poor
914,-inf,inf,1.0,Marketing,2023-12-20,,Average
915,-inf,75000.0,4.0,,2021-02-01,2000.0,
916,60.0,75000.0,,IT,2021-02-01,2000.0,Good
917,inf,inf,inf,IT,2023-12-20,inf,Average
918,-inf,25000.0,3.0,IT,2021-02-01,inf,Good
919,,inf,4.0,HR,,inf,
920,-inf,50000.0,4.0,IT,2022-09-15,1000.0,
921,,75000.0,2.0,,2023-12-20,2000.0,Poor
922,inf,inf,2.0,,2021-02-01,,
923,,,2.0,IT,,2000.0,Poor
924,inf,,1.0,Marketing,2021-02-01,inf,Good
925,inf,75000.0,2.0,HR,2022-09-15,inf,Good
926,60.0,25000.0,5.0,IT,2021-02-01,1000.0,Average
927,45.0,-inf,4.0,HR,2023-12-20,2000.0,Poor
928,inf,-inf,inf,Finance,2023-12-20,1000.0,Average
929,60.0,,4.0,Finance,2023-12-20,inf,Average
930,inf,25000.0,5.0,,2021-02-01,2000.0,Good
931,60.0,25000.0,4.0,IT,2023-12-20,1000.0,Poor
932,30.0,25000.0,1.0,Finance,2023-12-20,inf,Good
933,45.0,75000.0,3.0,IT,2021-02-01,1000.0,Poor
934,30.0,-inf,1.0,HR,2022-09-15,,Good
935,-inf,75000.0,5.0,,2023-12-20,inf,Average
936,60.0,,3.0,Marketing,2022-09-15,2000.0,Average
937,22.0,,inf,HR,2023-12-20,inf,Average
938,30.0,50000.0,,HR,2022-09-15,1000.0,Poor
939,30.0,-inf,5.0,Marketing,,inf,Average
940,22.0,-inf,inf,IT,2021-02-01,2000.0,Poor
941,,50000.0,5.0,IT,2021-02-01,2000.0,Good
942,-inf,,,IT,,inf,Average
943,22.0,75000.0,3.0,Finance,2022-09-15,inf,
944,-inf,75000.0,3.0,Marketing,2022-09-15,,Good
945,inf,50000.0,inf,IT,2022-09-15,inf,
946,45.0,inf,inf,Marketing,,1000.0,
947,-inf,50000.0,4.0,IT,2022-09-15,inf,Average
948,30.0,25000.0,3.0,Finance,,,Good
949,45.0,75000.0,,Marketing,2021-02-01,2000.0,Average
950,,50000.0,3.0,Marketing,2023-12-20,2000.0,
951,,,4.0,Marketing,2021-02-01,1000.0,Good
952,-inf,inf,,IT,2021-02-01,inf,Good
953,22.0,,,HR,2021-02-01,2000.0,Average
954,22.0,50000.0,2.0,IT,2022-09-15,2000.0,Average
955,inf,75000.0,2.0,Finance,2022-09-15,inf,Average
956,inf,inf,4.0,,2022-09-15,2000.0,Average
957,inf,inf,2.0,,,2000.0,Good
958,inf,75000.0,,Finance,2022-09-15,1000.0,Average
959,30.0,75000.0,1.0,Finance,2023-12-20,1000.0,Good
960,22.0,75000.0,,,2021-02-01,,Average
961,inf,25000.0,3.0,,,2000.0,
962,45.0,-inf,,HR,2022-09-15,inf,Good
963,22.0,inf,1.0,HR,2022-09-15,inf,Average
964,,,3.0,IT,,,Average
965,inf,-inf,1.0,Finance,2022-09-15,,Poor
966,30.0,75000.0,1.0,Finance,,2000.0,
967,60.0,25000.0,2.0,Marketing,2022-09-15,2000.0,
968,22.0,-inf,4.0,Finance,2022-09-15,,Good
969,inf,,4.0,Finance,,2000.0,Good
970,-inf,,2.0,IT,2023-12-20,2000.0,
971,inf,75000.0,3.0,IT,2023-12-20,1000.0,Poor
972,22.0,,2.0,Marketing,,2000.0,Average
973,-inf,,inf,IT,2022-09-15,inf,
974,45.0,,2.0,Marketing,2022-09-15,1000.0,Poor
975,,25000.0,3.0,Finance,2021-02-01,,Poor
976,45.0,-inf,inf,,2022-09-15,,Poor
977,30.0,50000.0,2.0,Finance,2023-12-20,inf,
978,inf,25000.0,2.0,HR,2022-09-15,inf,Average
979,-inf,,,,2023-12-20,2000.0,Poor
980,inf,25000.0,5.0,Marketing,2021-02-01,inf,
981,45.0,inf,2.0,,2021-02-01,,Poor
982,-inf,,,Marketing,2023-12-20,2000.0,Average
983,22.0,,5.0,,2021-02-01,inf,
984,60.0,,4.0,IT,2021-02-01,inf,Average
985,60.0,25000.0,4.0,HR,2022-09-15,1000.0,Average
986,45.0,-inf,inf,Finance,2022-09-15,inf,Good
987,inf,25000.0,5.0,HR,,2000.0,Poor
988,60.0,,4.0,Marketing,2021-02-01,2000.0,
989,45.0,75000.0,4.0,Marketing,2023-12-20,1000.0,Average
990,45.0,25000.0,5.0,,2023-12-20,inf,Average
991,inf,75000.0,4.0,HR,,2000.0,Poor
992,22.0,50000.0,2.0,Finance,,1000.0,Average
993,30.0,-inf,,IT,,2000.0,
994,inf,75000.0,inf,HR,2022-09-15,,Average
995,inf,50000.0,2.0,IT,,2000.0,Poor
996,-inf,75000.0,2.0,IT,2021-02-01,2000.0,Average
997,60.0,75000.0,,IT,2021-02-01,1000.0,
998,22.0,inf,4.0,Marketing,2022-09-15,inf,
999,inf,75000.0,1.0,IT,2022-09-15,,Poor
1000,inf,25000.0,4.0,IT,2023-12-20,,
